{"y2": 4.108721, "x2": 7.400132, "y1": 3.533951, "x3": 6.064111, "y3": 6.323565, "x1": 16.264721}