{
"num" : 3,
"Time1" : {"x1":17.115946,"y1":17.348811,
"x2":3.907662,"y2":6.314418,
"x3":3.221365,"y3":4.689108},
"Time2" : {"x1":1.162190,"y1":5.577998,
"x2":4.453871,"y2":3.459819,
"x3":6.661847,"y3":2.469939},
"Time3" : {"x1":16.264721,"y1":3.533951,
"x2":7.400132,"y2":4.108721,
"x3":6.064111,"y3":6.323565}
}
